textId,label_type,start_pos,end_pos
0,药物,428,431
0,药物,422,425
0,疾病和诊断,382,385
0,解剖部位,32,33
0,解剖部位,47,48
1,解剖部位,43,44
1,解剖部位,148,149
2,药物,73,77
2,药物,168,170
2,解剖部位,279,280
2,解剖部位,283,284
3,药物,167,171
3,药物,187,191
3,药物,168,171
3,药物,188,191
3,药物,212,215
3,药物,173,176
3,药物,208,211
3,药物,318,321
3,药物,365,368
3,药物,192,195
4,解剖部位,20,21
4,解剖部位,17,18
4,解剖部位,305,306
5,药物,98,104
5,药物,135,141
5,疾病和诊断,12,15
6,药物,111,114
6,药物,172,174
6,药物,246,248
6,药物,263,265
6,药物,241,244
6,药物,253,256
6,药物,101,105
6,药物,159,163
6,解剖部位,327,328
7,药物,163,166
7,药物,151,153
7,疾病和诊断,14,17
7,解剖部位,76,77
7,解剖部位,79,80
7,手术,32,46
7,解剖部位,64,65
8,解剖部位,70,71
8,解剖部位,80,81
8,解剖部位,285,286
9,解剖部位,110,111
9,解剖部位,126,127
10,疾病和诊断,223,226
11,药物,121,124
11,药物,126,129
11,解剖部位,16,18
11,解剖部位,155,157
11,解剖部位,208,210
12,药物,200,207
12,解剖部位,356,357
12,解剖部位,360,361
14,药物,358,361
14,药物,353,357
14,药物,315,318
14,药物,166,168
14,药物,169,172
14,药物,194,197
14,药物,163,165
14,药物,191,193
14,药物,319,322
14,疾病和诊断,20,23
15,解剖部位,70,71
16,药物,95,98
16,解剖部位,34,35
16,解剖部位,61,62
16,解剖部位,64,65
16,解剖部位,68,69
17,疾病和诊断,9,14
17,疾病和诊断,328,333
17,解剖部位,63,64
18,药物,15,21
19,解剖部位,31,33
19,解剖部位,94,96
19,解剖部位,194,196
20,解剖部位,195,196
21,药物,346,349
21,解剖部位,14,15
21,解剖部位,17,18
21,解剖部位,351,352
22,解剖部位,166,167
22,解剖部位,78,79
22,解剖部位,121,122
23,药物,123,127
23,药物,124,127
23,药物,128,131
23,疾病和诊断,11,15
24,药物,116,120
24,解剖部位,222,223
24,解剖部位,46,47
24,解剖部位,91,92
24,解剖部位,122,123
25,解剖部位,19,20
25,解剖部位,67,68
25,解剖部位,75,76
25,解剖部位,78,79
26,解剖部位,72,73
26,解剖部位,99,100
28,药物,133,135
28,药物,136,139
29,药物,103,105
29,药物,152,154
29,解剖部位,117,118
29,解剖部位,203,204
29,解剖部位,200,201
30,疾病和诊断,138,141
30,疾病和诊断,245,252
30,手术,153,159
30,解剖部位,210,211
30,解剖部位,213,214
31,解剖部位,192,193
31,解剖部位,196,197
31,解剖部位,88,89
32,药物,39,43
32,解剖部位,93,94
32,解剖部位,104,105
32,解剖部位,107,108
33,药物,40,44
33,药物,45,49
33,药物,41,44
33,药物,128,131
35,疾病和诊断,241,248
35,解剖部位,165,166
35,解剖部位,168,169
35,解剖部位,137,138
35,解剖部位,190,191
36,解剖部位,49,50
36,解剖部位,136,137
37,药物,69,73
37,药物,85,88
37,药物,85,89
37,药物,100,103
37,解剖部位,145,146
37,解剖部位,125,126
38,疾病和诊断,178,184
38,解剖部位,139,140
39,药物,370,374
39,药物,382,385
39,药物,371,374
39,解剖部位,10,11
39,解剖部位,24,25
39,解剖部位,57,58
39,解剖部位,16,17
39,解剖部位,151,153
41,解剖部位,20,22
41,解剖部位,173,175
42,药物,196,199
42,药物,263,266
42,药物,180,182
42,药物,190,193
42,疾病和诊断,374,379
42,解剖部位,347,348
42,解剖部位,223,224
42,解剖部位,326,327
44,药物,294,304
44,药物,296,300
44,解剖部位,20,21
45,疾病和诊断,272,277
45,解剖部位,219,220
45,解剖部位,222,223
45,解剖部位,87,88
45,解剖部位,175,176
46,药物,150,153
46,解剖部位,9,10
47,疾病和诊断,8,10
47,疾病和诊断,147,151
47,解剖部位,68,69
47,解剖部位,79,80
47,手术,18,23
49,药物,271,276
49,疾病和诊断,345,350
49,解剖部位,37,38
49,解剖部位,322,323
49,解剖部位,325,326
49,解剖部位,164,165
49,解剖部位,59,60
49,解剖部位,62,63
50,药物,221,228
51,药物,200,208
51,药物,187,192
51,药物,193,199
51,药物,193,197
51,解剖部位,15,16
52,解剖部位,18,19
54,解剖部位,166,167
55,药物,172,174
55,药物,272,276
55,药物,294,298
55,药物,299,302
55,药物,278,282
55,药物,311,315
55,药物,182,184
55,药物,190,192
55,药物,316,319
56,解剖部位,11,12
56,解剖部位,129,130
56,解剖部位,132,133
57,疾病和诊断,351,356
57,解剖部位,265,266
57,解剖部位,289,290
57,解剖部位,313,314
57,解剖部位,263,264
57,解剖部位,287,288
57,解剖部位,316,317
59,药物,76,80
59,解剖部位,32,33
59,解剖部位,172,173
60,药物,163,170
60,药物,163,167
60,解剖部位,7,8
60,解剖部位,198,199
60,解剖部位,267,268
60,解剖部位,242,243
61,解剖部位,20,21
61,解剖部位,203,204
61,解剖部位,11,12
61,解剖部位,145,146
61,解剖部位,183,184
61,解剖部位,92,93
61,解剖部位,193,194
61,解剖部位,125,126
62,药物,178,181
62,解剖部位,157,158
62,解剖部位,159,160
63,药物,204,208
63,药物,205,208
63,药物,215,218
63,手术,69,74
64,解剖部位,90,91
64,解剖部位,93,94
64,解剖部位,146,147
65,疾病和诊断,138,143
65,手术,20,24
67,解剖部位,117,118
67,解剖部位,201,202
67,解剖部位,31,33
67,解剖部位,43,45
67,解剖部位,71,73
67,解剖部位,171,173
67,解剖部位,225,227
67,解剖部位,206,208
68,解剖部位,77,78
68,解剖部位,80,81
71,解剖部位,255,256
71,解剖部位,20,21
71,解剖部位,76,77
71,解剖部位,93,94
72,解剖部位,85,86
72,疾病和诊断,61,81
73,药物,353,356
73,药物,317,322
73,药物,349,352
73,药物,339,344
73,药物,318,322
73,药物,323,331
73,药物,345,348
73,药物,332,338
74,手术,209,227
75,药物,166,170
75,药物,113,116
75,药物,109,112
75,药物,161,165
75,药物,207,211
75,药物,156,160
75,解剖部位,98,99
75,解剖部位,17,18
75,解剖部位,179,180
75,解剖部位,213,214
76,药物,220,223
76,药物,173,177
76,疾病和诊断,23,28
76,解剖部位,424,425
76,解剖部位,428,429
76,解剖部位,57,58
77,解剖部位,79,80
77,解剖部位,129,130
77,解剖部位,82,83
77,解剖部位,107,108
80,手术,112,126
80,解剖部位,90,92
80,解剖部位,121,123
81,药物,333,337
81,药物,323,327
81,药物,278,282
81,药物,219,221
81,药物,279,282
81,药物,274,277
81,药物,316,319
81,药物,160,163
81,药物,154,159
81,药物,154,156
81,药物,154,158
81,药物,222,229
81,药物,160,166
81,药物,291,295
81,药物,310,314
81,药物,214,218
81,药物,300,304
81,解剖部位,366,367
81,解剖部位,399,400
81,解剖部位,27,29
81,解剖部位,93,95
81,解剖部位,189,191
81,解剖部位,411,413
82,解剖部位,14,15
82,解剖部位,184,185
83,药物,65,68
83,药物,319,326
83,解剖部位,57,58
83,解剖部位,269,270
84,药物,207,210
85,药物,163,169
85,药物,76,79
85,药物,153,157
85,药物,158,162
85,解剖部位,45,46
86,解剖部位,257,258
86,解剖部位,251,252
86,解剖部位,201,206
87,解剖部位,39,40
87,解剖部位,35,36
87,解剖部位,85,86
88,解剖部位,18,19
89,药物,320,324
89,药物,405,410
89,药物,400,404
89,药物,330,334
89,药物,335,339
89,药物,309,311
89,药物,320,322
89,药物,315,319
89,药物,309,314
89,药物,325,329
90,解剖部位,251,252
90,解剖部位,244,245
91,解剖部位,13,14
91,解剖部位,191,192
91,解剖部位,71,72
91,解剖部位,85,86
92,解剖部位,247,248
92,解剖部位,55,56
93,解剖部位,156,157
94,解剖部位,196,197
94,解剖部位,199,200
95,药物,282,286
95,药物,282,285
95,药物,270,273
95,解剖部位,31,32
95,解剖部位,324,325
95,解剖部位,34,35
95,解剖部位,327,328
96,解剖部位,36,37
96,解剖部位,34,35
97,手术,124,133
98,解剖部位,133,134
98,解剖部位,81,82
100,解剖部位,501,502
100,解剖部位,504,505
101,药物,158,160
101,药物,143,146
101,药物,147,149
101,疾病和诊断,9,13
101,解剖部位,180,181
101,手术,29,49
101,解剖部位,36,38
101,解剖部位,89,91
102,疾病和诊断,272,281
102,解剖部位,10,11
102,解剖部位,12,13
103,解剖部位,140,141
103,解剖部位,143,144
103,解剖部位,77,78
103,解剖部位,157,158
105,药物,211,215
105,药物,211,214
105,药物,191,194
105,解剖部位,322,323
105,解剖部位,325,326
105,解剖部位,315,316
106,药物,206,208
106,解剖部位,102,103
106,解剖部位,350,351
107,药物,74,78
107,药物,69,73
107,解剖部位,191,192
107,解剖部位,189,190
108,解剖部位,15,16
109,疾病和诊断,9,14
109,解剖部位,179,180
109,解剖部位,261,262
109,解剖部位,325,326
109,解剖部位,345,346
109,解剖部位,264,265
109,解剖部位,328,329
110,疾病和诊断,178,182
110,解剖部位,14,15
110,解剖部位,146,147
110,解剖部位,12,13
110,解剖部位,149,150
111,解剖部位,163,164
111,解剖部位,160,161
112,解剖部位,18,19
112,解剖部位,58,59
112,解剖部位,246,248
113,药物,225,227
113,药物,221,224
114,解剖部位,240,241
114,解剖部位,244,245
115,解剖部位,90,91
115,解剖部位,109,110
116,解剖部位,54,55
116,解剖部位,119,120
116,解剖部位,37,38
117,药物,465,467
117,药物,494,496
117,药物,413,415
117,药物,468,470
117,药物,109,111
117,药物,147,149
117,药物,288,290
117,药物,497,499
117,药物,409,412
117,药物,118,122
117,药物,154,158
117,药物,201,205
117,药物,291,295
117,手术,182,199
118,解剖部位,11,12
118,解剖部位,22,23
118,解剖部位,78,79
118,解剖部位,157,159
119,药物,168,170
119,药物,241,243
119,药物,124,127
119,药物,120,123
119,药物,279,282
119,药物,49,53
119,解剖部位,36,37
120,疾病和诊断,502,506
120,解剖部位,449,450
120,解剖部位,452,453
120,解剖部位,175,177
120,解剖部位,179,180
120,解剖部位,228,230
120,解剖部位,369,371
120,手术,157,168
120,解剖部位,96,97
120,解剖部位,380,381
120,解剖部位,392,393
122,解剖部位,51,52
122,解剖部位,24,25
122,解剖部位,33,34
122,解剖部位,36,37
123,疾病和诊断,259,265
123,解剖部位,10,11
123,解剖部位,216,217
123,解剖部位,214,215
124,疾病和诊断,466,471
124,解剖部位,244,245
124,解剖部位,360,362
124,解剖部位,416,418
126,解剖部位,161,162
126,解剖部位,215,216
126,解剖部位,29,30
126,解剖部位,164,165
126,解剖部位,184,185
126,解剖部位,245,246
127,疾病和诊断,27,34
127,解剖部位,239,240
127,解剖部位,242,243
128,药物,153,158
128,药物,159,163
128,解剖部位,15,16
128,解剖部位,60,61
128,解剖部位,91,92
128,解剖部位,167,168
128,解剖部位,31,32
128,解剖部位,114,115
128,解剖部位,52,53
128,解剖部位,131,132
130,药物,185,189
130,疾病和诊断,261,270
130,解剖部位,11,12
130,手术,57,65
130,解剖部位,163,164
131,解剖部位,12,13
131,解剖部位,77,78
132,解剖部位,310,311
132,解剖部位,363,364
134,药物,205,209
134,药物,206,209
134,药物,198,204
134,药物,241,247
134,药物,200,204
134,药物,243,247
134,解剖部位,117,118
134,疾病和诊断,133,140
135,药物,143,145
135,药物,153,156
137,解剖部位,9,10
137,解剖部位,207,208
137,解剖部位,186,188
138,疾病和诊断,222,228
138,疾病和诊断,87,92
139,药物,284,287
139,药物,279,283
139,药物,89,93
139,药物,280,283
139,解剖部位,340,341
139,解剖部位,72,73
139,手术,170,182
140,药物,183,186
140,解剖部位,30,31
140,解剖部位,91,92
140,解剖部位,87,88
140,解剖部位,132,133
140,解剖部位,201,202
140,解剖部位,214,215
141,药物,287,290
141,药物,291,295
141,解剖部位,406,407
141,解剖部位,402,403
141,解剖部位,305,306
141,解剖部位,378,379
142,疾病和诊断,199,204
143,手术,157,167
144,解剖部位,67,68
144,解剖部位,43,44
144,解剖部位,46,47
146,解剖部位,17,18
146,解剖部位,149,150
146,解剖部位,162,163
146,解剖部位,61,62
147,解剖部位,11,12
147,解剖部位,45,49
147,解剖部位,120,122
148,药物,180,184
148,药物,185,189
148,药物,181,184
148,解剖部位,63,64
148,解剖部位,54,55
148,手术,130,139
149,解剖部位,24,25
149,解剖部位,172,173
150,药物,182,186
150,药物,42,45
150,药物,159,162
150,药物,182,185
150,药物,37,41
150,药物,155,158
150,药物,167,170
150,解剖部位,90,91
150,解剖部位,93,94
152,解剖部位,69,70
153,解剖部位,57,58
153,解剖部位,116,117
153,解剖部位,123,124
153,解剖部位,7,9
153,解剖部位,15,17
153,解剖部位,33,35
154,解剖部位,154,155
154,解剖部位,157,158
154,手术,114,121
154,解剖部位,116,118
154,解剖部位,140,142
155,疾病和诊断,16,20
155,疾病和诊断,247,251
155,解剖部位,16,17
155,解剖部位,247,248
156,解剖部位,21,22
156,解剖部位,107,108
156,解剖部位,236,237
156,解剖部位,18,19
156,解剖部位,110,111
156,解剖部位,233,234
157,解剖部位,46,47
158,药物,154,157
159,药物,294,297
159,药物,304,308
159,药物,283,286
159,解剖部位,97,99
159,解剖部位,119,121
159,解剖部位,162,164
159,解剖部位,225,227
159,解剖部位,230,232
159,解剖部位,239,241
159,解剖部位,22,24
159,解剖部位,40,42
159,解剖部位,214,216
160,解剖部位,18,19
160,解剖部位,38,39
160,解剖部位,22,23
160,解剖部位,42,43
160,解剖部位,137,139
161,解剖部位,83,84
161,解剖部位,192,193
162,药物,264,268
162,药物,399,403
162,药物,265,268
162,药物,400,403
162,药物,277,280
162,药物,277,281
162,药物,292,295
162,药物,411,414
162,药物,508,511
162,解剖部位,312,313
162,解剖部位,435,436
162,解剖部位,315,316
162,解剖部位,438,439
163,药物,91,94
163,药物,107,110
163,药物,164,167
163,药物,86,90
163,药物,159,163
163,药物,209,213
164,手术,96,102
165,疾病和诊断,12,15
165,解剖部位,155,156
165,解剖部位,216,217
165,解剖部位,158,159
165,解剖部位,45,47
165,解剖部位,63,64
165,解剖部位,75,76
165,解剖部位,78,79
165,解剖部位,69,70
165,解剖部位,275,276
166,疾病和诊断,228,236
167,疾病和诊断,140,145
167,解剖部位,6,7
167,解剖部位,113,114
168,解剖部位,156,157
168,解剖部位,154,155
168,解剖部位,149,150
168,解剖部位,8,10
169,药物,99,102
169,药物,138,141
169,解剖部位,168,169
171,药物,172,176
171,药物,177,181
171,解剖部位,251,252
171,解剖部位,255,256
171,手术,59,69
172,解剖部位,67,68
172,解剖部位,70,71
173,解剖部位,229,230
173,手术,150,161
174,解剖部位,17,18
174,解剖部位,32,33
175,解剖部位,355,356
175,解剖部位,358,359
175,解剖部位,85,86
176,药物,101,105
176,药物,102,105
176,药物,114,117
176,药物,114,118
176,药物,129,132
176,疾病和诊断,239,244
176,解剖部位,267,268
176,解剖部位,269,270
177,药物,286,288
177,药物,202,206
177,药物,276,280
177,疾病和诊断,323,326
177,手术,27,36
178,药物,78,83
178,解剖部位,22,23
178,解剖部位,131,132
179,药物,68,71
179,解剖部位,163,164
179,解剖部位,166,167
179,解剖部位,10,12
179,解剖部位,29,31
179,解剖部位,93,95
179,解剖部位,140,142
179,解剖部位,204,206
180,解剖部位,165,166
180,解剖部位,167,168
181,解剖部位,132,133
181,解剖部位,135,136
181,手术,35,53
182,解剖部位,103,104
182,解剖部位,106,107
183,疾病和诊断,127,133
183,解剖部位,78,79
183,手术,16,32
183,解剖部位,43,44
183,解剖部位,85,86
184,解剖部位,167,168
185,药物,232,236
185,药物,250,253
185,药物,233,236
185,药物,46,50
185,解剖部位,41,42
186,疾病和诊断,359,363
186,解剖部位,174,175
186,解剖部位,178,180
186,解剖部位,289,294
186,解剖部位,299,304
186,解剖部位,309,315
186,手术,156,166
187,药物,210,216
187,药物,126,130
187,药物,205,209
187,药物,131,133
187,解剖部位,69,70
187,解剖部位,90,91
188,疾病和诊断,238,240
189,药物,305,309
189,药物,310,313
189,药物,86,89
189,药物,301,304
189,药物,90,94
189,药物,200,204
189,解剖部位,30,31
189,解剖部位,340,341
189,解剖部位,16,17
189,解剖部位,343,344
190,药物,48,52
190,药物,104,108
190,疾病和诊断,144,156
190,解剖部位,244,245
190,解剖部位,242,243
191,疾病和诊断,262,268
191,解剖部位,12,13
191,解剖部位,228,229
191,解剖部位,73,75
191,解剖部位,87,88
192,解剖部位,23,24
192,解剖部位,26,27
193,解剖部位,129,130
194,解剖部位,147,148
194,解剖部位,67,69
194,解剖部位,77,79
194,解剖部位,94,96
194,解剖部位,131,133
194,解剖部位,181,183
195,药物,126,130
195,药物,144,148
195,药物,352,356
195,药物,131,133
195,药物,119,121
195,药物,122,125
195,解剖部位,415,416
195,解剖部位,212,213
195,解剖部位,281,282
195,解剖部位,368,369
195,解剖部位,79,80
196,药物,356,360
196,药物,397,401
196,药物,357,360
196,药物,398,401
196,药物,256,259
196,药物,361,363
196,药物,402,404
196,药物,364,367
196,药物,405,408
196,疾病和诊断,441,446
198,药物,190,194
198,药物,191,194
198,疾病和诊断,41,48
200,药物,196,200
200,药物,212,214
200,药物,268,270
200,药物,205,207
200,解剖部位,297,298
200,解剖部位,301,302
200,手术,20,39
201,药物,175,179
201,药物,222,225
201,药物,102,105
201,药物,126,129
201,药物,110,113
201,药物,140,143
201,药物,218,221
201,药物,181,184
201,药物,102,108
201,药物,126,132
202,疾病和诊断,440,444
202,解剖部位,16,17
202,解剖部位,295,300
202,解剖部位,145,147
202,解剖部位,161,163
202,解剖部位,171,173
203,解剖部位,158,159
203,解剖部位,161,162
205,解剖部位,36,37
205,解剖部位,157,158
206,药物,233,237
206,疾病和诊断,322,329
206,解剖部位,258,259
206,解剖部位,261,262
206,疾病和诊断,217,222
207,解剖部位,16,17
207,解剖部位,89,90
208,药物,144,146
208,解剖部位,41,42
208,解剖部位,38,39
209,解剖部位,51,52
209,解剖部位,489,490
211,解剖部位,36,37
211,解剖部位,30,31
212,疾病和诊断,213,225
212,解剖部位,87,88
212,解剖部位,90,91
213,解剖部位,82,83
215,解剖部位,153,154
215,解剖部位,135,137
216,药物,170,174
217,疾病和诊断,239,242
217,解剖部位,21,22
217,解剖部位,29,30
217,解剖部位,82,83
217,解剖部位,24,25
217,解剖部位,85,86
217,解剖部位,194,195
219,解剖部位,128,129
219,解剖部位,132,133
219,解剖部位,78,79
220,解剖部位,38,40
220,解剖部位,59,61
220,解剖部位,110,112
221,药物,440,442
221,药物,454,456
221,药物,448,450
221,解剖部位,498,499
221,解剖部位,495,496
221,解剖部位,288,290
222,解剖部位,139,140
222,解剖部位,189,190
223,解剖部位,205,206
224,疾病和诊断,8,11
225,解剖部位,121,122
225,解剖部位,158,159
226,疾病和诊断,13,20
226,疾病和诊断,193,197
226,解剖部位,112,113
226,解剖部位,158,159
226,解剖部位,161,162
226,解剖部位,86,87
226,解剖部位,151,152
227,疾病和诊断,168,170
227,解剖部位,73,74
228,解剖部位,258,260
229,疾病和诊断,112,123
229,解剖部位,68,69
229,解剖部位,89,90
230,药物,9,14
230,解剖部位,51,52
230,解剖部位,34,35
231,药物,233,235
231,药物,228,231
231,药物,228,232
231,药物,224,227
231,疾病和诊断,356,360
231,解剖部位,297,298
231,解剖部位,300,301
231,解剖部位,173,174
231,解剖部位,247,248
231,解剖部位,95,96
232,药物,171,175
232,药物,268,272
232,药物,172,175
232,药物,269,272
232,药物,162,165
232,药物,259,262
232,解剖部位,86,87
232,解剖部位,292,293
232,解剖部位,89,90
232,解剖部位,9,11
232,解剖部位,34,36
232,解剖部位,62,64
232,解剖部位,210,212
232,解剖部位,334,336
232,解剖部位,75,77
232,解剖部位,309,311
233,疾病和诊断,15,19
233,解剖部位,46,47
233,解剖部位,63,64
233,手术,24,31
234,药物,430,433
234,药物,388,391
234,药物,314,318
234,药物,281,284
234,药物,414,417
234,药物,383,387
234,药物,256,260
234,药物,372,376
234,药物,279,285
234,药物,310,313
234,药物,279,284
234,药物,412,417
234,药物,306,309
234,药物,269,273
234,药物,402,406
234,药物,303,305
234,药物,306,308
234,解剖部位,40,41
236,解剖部位,12,13
236,解剖部位,44,45
236,解剖部位,115,116
236,解剖部位,203,204
236,解剖部位,25,26
236,解剖部位,231,232
236,解剖部位,242,243
237,解剖部位,106,107
237,解剖部位,202,203
237,解剖部位,259,260
237,解剖部位,65,67
237,解剖部位,81,83
237,解剖部位,131,133
238,疾病和诊断,179,189
238,解剖部位,127,128
238,解剖部位,124,125
238,解剖部位,145,146
239,解剖部位,214,215
240,疾病和诊断,273,276
241,解剖部位,52,53
241,解剖部位,55,56
242,解剖部位,198,199
243,疾病和诊断,358,363
243,解剖部位,322,323
243,解剖部位,325,326
243,解剖部位,84,86
243,解剖部位,58,59
243,解剖部位,246,247
244,解剖部位,89,90
244,解剖部位,103,104
245,药物,176,179
246,解剖部位,45,46
246,解剖部位,169,170
247,解剖部位,57,58
247,解剖部位,60,61
248,药物,275,278
248,解剖部位,13,14
248,解剖部位,338,339
248,解剖部位,342,343
248,解剖部位,76,77
248,解剖部位,81,82
249,药物,252,256
249,药物,284,288
250,解剖部位,4,5
251,药物,376,380
252,药物,168,171
252,药物,178,181
253,药物,120,124
253,药物,200,204
254,药物,341,343
254,药物,337,340
254,解剖部位,14,15
254,解剖部位,147,149
255,解剖部位,54,55
256,药物,443,446
257,解剖部位,40,41
258,药物,502,509
258,药物,386,388
258,药物,498,501
258,药物,510,517
258,药物,381,385
258,疾病和诊断,464,469
258,解剖部位,40,42
258,解剖部位,69,71
258,解剖部位,229,231
258,解剖部位,328,330
258,解剖部位,333,335
258,解剖部位,219,221
259,解剖部位,248,250
260,药物,82,85
260,药物,219,225
261,药物,772,775
261,药物,697,700
261,药物,776,781
261,药物,732,736
261,药物,768,771
261,药物,752,754
261,解剖部位,791,792
263,药物,219,222
263,药物,149,153
263,药物,99,102
263,药物,210,213
263,药物,149,152
264,药物,253,256
265,解剖部位,78,80
267,药物,144,147
267,解剖部位,227,233
268,解剖部位,413,414
268,解剖部位,308,310
269,药物,400,404
269,药物,269,273
269,药物,438,442
269,药物,245,249
269,药物,264,268
269,药物,281,285
269,药物,401,404
269,药物,255,258
269,药物,274,277
269,药物,286,289
269,药物,297,300
269,药物,405,409
269,药物,250,254
270,药物,106,109
270,药物,103,105
270,药物,439,442
271,药物,166,169
271,药物,435,438
271,药物,325,328
271,药物,431,434
271,药物,193,197
271,药物,506,511
271,药物,688,692
272,解剖部位,203,204
273,药物,222,224
273,药物,156,160
273,药物,173,176
273,药物,232,235
273,药物,157,160
273,药物,203,207
273,疾病和诊断,655,667
273,解剖部位,288,290
273,解剖部位,425,427
274,解剖部位,192,193
275,药物,210,213
275,药物,236,239
275,药物,322,325
275,药物,301,304
275,药物,205,209
275,药物,296,300
275,解剖部位,469,471
278,药物,157,160
278,药物,235,238
278,解剖部位,4,5
279,解剖部位,40,41
280,药物,147,150
280,药物,312,315
280,药物,56,59
280,药物,151,154
280,药物,316,319
282,药物,311,318
282,药物,394,401
282,解剖部位,16,17
282,解剖部位,347,349
282,解剖部位,747,749
282,解剖部位,523,524
282,解剖部位,564,565
283,药物,584,586
283,药物,378,382
283,药物,573,575
283,药物,375,377
283,药物,371,374
284,药物,428,432
284,药物,226,230
284,药物,429,432
284,药物,803,805
284,药物,803,808
284,药物,424,427
284,解剖部位,264,265
284,解剖部位,577,578
285,药物,679,681
285,药物,191,195
285,药物,199,203
285,药物,191,194
285,药物,919,922
285,药物,918,922
285,药物,923,927
285,药物,843,846
285,药物,898,901
285,药物,200,203
285,药物,693,695
285,药物,716,718
285,药物,830,832
285,解剖部位,95,97
285,解剖部位,87,89
285,解剖部位,805,807
286,药物,185,188
286,药物,318,321
286,解剖部位,295,296
286,手术,48,61
287,药物,155,158
288,疾病和诊断,16,19
288,手术,36,53
288,解剖部位,519,520
288,解剖部位,572,573
289,药物,274,278
289,药物,245,247
289,疾病和诊断,76,97
290,药物,90,92
290,药物,93,97
293,药物,123,127
293,药物,139,143
293,药物,144,147
293,药物,124,127
293,药物,140,143
293,药物,97,100
293,药物,111,114
293,药物,128,131
293,药物,160,163
293,药物,172,176
294,药物,352,356
294,药物,343,347
294,药物,360,362
294,疾病和诊断,76,78
294,解剖部位,617,618
294,解剖部位,620,621
294,解剖部位,232,234
294,解剖部位,432,434
294,手术,98,112
294,解剖部位,124,125
294,解剖部位,529,530
295,药物,480,482
295,药物,694,697
295,药物,476,479
295,药物,30,32
295,药物,786,789
296,药物,185,188
296,解剖部位,302,303
297,药物,410,412
297,药物,415,418
297,药物,427,430
297,药物,410,414
298,药物,121,124
298,药物,376,382
298,药物,64,67
298,药物,125,128
298,药物,240,243
298,药物,372,375
298,解剖部位,89,91
298,解剖部位,331,333
299,药物,514,516
299,药物,509,513
299,疾病和诊断,227,232
300,药物,133,136
300,解剖部位,421,422
300,解剖部位,425,426
300,解剖部位,288,290
301,药物,329,332
301,药物,228,230
301,药物,302,304
301,药物,334,336
301,药物,334,339
301,药物,306,310
301,解剖部位,8,9
301,解剖部位,10,11
301,解剖部位,129,130
301,解剖部位,132,134
301,解剖部位,42,44
302,药物,122,126
302,药物,431,435
302,药物,127,130
302,药物,123,126
303,药物,53,56
303,药物,109,112
303,药物,165,171
303,药物,226,232
303,药物,320,326
304,药物,519,522
304,药物,523,526
304,解剖部位,365,367
304,解剖部位,216,217
305,解剖部位,208,210
305,解剖部位,12,14
305,解剖部位,48,50
306,解剖部位,189,190
306,解剖部位,194,196
307,药物,245,248
307,药物,244,248
307,药物,789,791
307,药物,1121,1123
307,药物,1168,1170
307,药物,1323,1325
307,药物,1353,1355
307,药物,789,794
307,药物,1121,1126
307,药物,1168,1173
307,药物,1323,1328
307,药物,1353,1358
307,药物,354,356
307,药物,25,28
307,药物,175,178
307,药物,249,252
307,药物,447,450
307,药物,520,523
307,药物,719,722
307,解剖部位,111,113
307,解剖部位,221,223
307,解剖部位,359,361
307,解剖部位,586,588
307,解剖部位,970,972
308,药物,511,513
308,药物,507,510
308,解剖部位,218,219
308,解剖部位,134,138
308,解剖部位,367,371
308,解剖部位,249,251
308,解剖部位,263,265
308,解剖部位,268,270
308,解剖部位,278,280
308,解剖部位,350,352
308,解剖部位,224,226
309,药物,377,379
309,药物,372,376
309,解剖部位,9,10
309,解剖部位,446,447
309,解剖部位,36,38
309,解剖部位,96,98
309,解剖部位,101,103
309,解剖部位,117,119
309,解剖部位,124,126
310,药物,132,134
310,药物,136,139
311,解剖部位,45,46
312,解剖部位,45,46
312,解剖部位,222,224
314,药物,175,180
314,解剖部位,258,259
315,药物,145,150
315,药物,236,242
315,药物,134,137
315,药物,225,229
315,药物,213,217
315,解剖部位,21,22
315,解剖部位,255,256
315,解剖部位,520,521
315,解剖部位,550,551
316,药物,88,91
316,药物,113,117
316,解剖部位,36,38
317,药物,440,443
317,药物,374,377
317,药物,461,464
317,药物,435,439
317,药物,456,460
317,药物,401,405
317,解剖部位,238,240
317,解剖部位,113,115
318,药物,218,221
318,解剖部位,79,81
318,解剖部位,124,126
318,解剖部位,198,200
319,药物,794,796
319,药物,786,788
319,解剖部位,220,222
319,解剖部位,240,242
319,解剖部位,383,385
319,解剖部位,515,517
319,解剖部位,613,615
319,解剖部位,13,15
320,药物,363,365
320,药物,358,362
320,药物,374,378
320,药物,379,382
320,药物,359,362
320,药物,480,483
320,解剖部位,66,67
322,药物,166,169
322,药物,158,160
322,解剖部位,118,120
322,解剖部位,128,130
322,解剖部位,207,209
322,疾病和诊断,133,152
323,药物,128,131
323,药物,190,196
323,药物,239,245
323,解剖部位,150,151
323,解剖部位,202,203
323,解剖部位,259,260
323,解剖部位,309,310
323,解剖部位,483,484
324,药物,591,594
324,药物,580,583
324,解剖部位,15,17
324,解剖部位,45,47
324,解剖部位,70,72
324,解剖部位,93,95
324,解剖部位,121,123
326,药物,130,135
326,药物,339,344
326,药物,114,123
326,药物,261,263
326,药物,128,135
326,药物,261,267
326,药物,273,279
327,药物,41,44
327,药物,202,205
327,药物,37,40
327,药物,198,201
327,解剖部位,356,357
327,解剖部位,345,346
328,药物,216,220
328,药物,170,172
328,药物,209,211
328,药物,170,175
328,药物,335,338
329,药物,529,532
329,药物,249,253
330,药物,278,282
330,解剖部位,47,48
330,解剖部位,571,572
330,解剖部位,575,576
331,解剖部位,432,433
331,解剖部位,57,58
331,解剖部位,172,173
332,药物,373,376
332,药物,398,401
332,药物,421,426
332,药物,409,413
332,药物,410,413
332,药物,422,425
332,药物,422,426
332,药物,434,438
332,疾病和诊断,474,479
332,解剖部位,47,48
332,解剖部位,200,202
332,解剖部位,338,340
333,解剖部位,61,62
333,解剖部位,90,91
334,药物,573,576
334,药物,1119,1123
334,解剖部位,473,474
334,解剖部位,900,902
334,解剖部位,387,389
334,解剖部位,207,208
335,药物,130,133
335,药物,156,159
336,药物,69,71
336,药物,65,68
336,解剖部位,195,197
339,解剖部位,55,57
339,解剖部位,163,165
339,解剖部位,223,225
340,解剖部位,483,484
340,解剖部位,148,149
340,解剖部位,151,153
340,解剖部位,449,451
341,药物,110,114
341,药物,263,267
341,药物,196,198
342,解剖部位,133,135
342,解剖部位,356,358
343,药物,70,72
343,药物,147,149
343,药物,179,181
343,药物,66,69
343,药物,63,69
343,药物,326,328
343,药物,142,146
343,药物,153,157
343,解剖部位,11,15
343,解剖部位,24,26
344,药物,455,459
344,药物,436,440
344,药物,523,528
344,药物,942,944
344,药物,519,522
344,药物,514,518
344,药物,961,963
344,药物,945,949
344,药物,535,539
344,药物,445,449
344,解剖部位,567,568
345,药物,706,710
345,药物,707,710
345,药物,720,723
345,药物,694,697
345,疾病和诊断,824,827
345,疾病和诊断,167,173
345,解剖部位,778,779
345,解剖部位,781,782
345,解剖部位,603,605
346,药物,546,550
346,药物,546,549
346,药物,813,816
346,药物,904,907
346,药物,545,549
346,解剖部位,817,818
347,药物,478,481
347,解剖部位,69,70
348,药物,290,296
348,解剖部位,16,17
348,解剖部位,2,3
349,药物,111,113
350,药物,197,200
350,药物,188,191
350,解剖部位,504,505
350,解剖部位,536,537
350,解剖部位,541,542
351,药物,655,659
351,药物,656,659
351,药物,687,690
351,药物,687,691
351,药物,669,673
351,疾病和诊断,205,208
351,疾病和诊断,760,765
351,解剖部位,604,605
351,解剖部位,725,726
351,解剖部位,728,729
352,药物,226,232
353,解剖部位,95,96
353,解剖部位,74,76
353,解剖部位,259,261
353,解剖部位,404,405
353,解剖部位,414,416
354,药物,204,207
354,解剖部位,245,246
355,解剖部位,10,11
355,解剖部位,106,108
355,解剖部位,188,190
355,解剖部位,216,218
356,药物,397,400
356,药物,448,451
356,药物,304,308
356,药物,344,348
356,药物,314,318
356,药物,354,358
356,药物,374,378
356,药物,406,410
356,药物,426,430
356,药物,457,461
356,药物,477,481
356,解剖部位,248,252
356,解剖部位,4,6
356,解剖部位,32,34
356,解剖部位,76,78
356,解剖部位,224,226
356,解剖部位,509,511
357,疾病和诊断,246,250
357,解剖部位,119,125
357,解剖部位,129,135
359,药物,48,51
360,解剖部位,197,198
360,解剖部位,257,258
360,解剖部位,8,10
360,解剖部位,16,18
360,解剖部位,49,51
360,解剖部位,187,189
361,解剖部位,41,42
361,解剖部位,171,172
364,药物,344,348
364,药物,111,115
364,药物,349,353
364,解剖部位,91,92
364,解剖部位,233,234
364,解剖部位,198,199
365,药物,175,178
365,药物,227,230
365,解剖部位,218,220
366,手术,31,41
366,解剖部位,296,298
367,解剖部位,231,232
367,解剖部位,237,238
367,解剖部位,51,53
367,解剖部位,117,119
367,解剖部位,158,160
368,药物,128,132
369,解剖部位,35,36
369,解剖部位,19,20
370,药物,342,351
370,药物,420,425
370,药物,318,322
370,解剖部位,48,49
370,解剖部位,93,94
370,解剖部位,106,107
370,手术,274,289
371,药物,408,414
371,解剖部位,486,487
372,药物,187,191
372,药物,188,191
372,药物,212,215
372,药物,167,171
372,药物,173,176
372,药物,208,211
372,药物,306,309
372,药物,168,171
372,药物,192,195
373,解剖部位,60,61
373,解剖部位,89,90
374,药物,334,337
374,药物,322,326
374,解剖部位,47,49
374,解剖部位,68,70
376,药物,373,376
376,药物,437,439
376,药物,368,371
376,药物,422,424
376,解剖部位,64,65
376,解剖部位,67,69
376,解剖部位,281,287
376,解剖部位,292,298
376,解剖部位,467,468
377,药物,187,190
377,解剖部位,14,15
378,药物,211,214
378,手术,104,112
380,药物,476,480
380,药物,250,253
380,药物,476,479
380,药物,246,249
380,解剖部位,214,219
381,药物,293,299
381,药物,293,296
381,药物,281,283
381,药物,296,299
382,解剖部位,51,53
382,解剖部位,142,144
385,药物,196,199
385,药物,262,265
386,药物,46,49
386,药物,170,173
386,药物,297,300
387,药物,43,46
387,药物,182,185
388,药物,233,237
388,药物,199,202
388,药物,217,219
389,药物,289,292
390,解剖部位,60,61
391,药物,83,87
391,药物,88,90
391,解剖部位,109,110
391,解剖部位,75,77
391,解剖部位,170,172
391,解剖部位,248,250
392,解剖部位,247,249
393,解剖部位,97,98
394,解剖部位,57,58
395,解剖部位,136,138
396,药物,265,267
396,药物,248,254
396,药物,278,284
397,药物,362,365
397,药物,81,83
397,药物,77,80
398,解剖部位,49,50
399,药物,312,318
399,药物,319,323
399,药物,307,311
399,药物,303,306
399,解剖部位,220,221
399,解剖部位,222,223
399,解剖部位,120,126
400,药物,236,240
400,药物,236,239
401,药物,326,329
401,药物,330,333
401,解剖部位,19,21
401,解剖部位,75,77
401,解剖部位,103,105
401,解剖部位,212,214
401,解剖部位,250,252
401,解剖部位,263,265
401,解剖部位,3,5
402,解剖部位,40,41
403,药物,271,275
403,药物,285,288
403,药物,338,341
403,药物,272,275
403,药物,179,182
403,解剖部位,17,18
403,解剖部位,233,234
404,药物,416,419
404,解剖部位,22,23
404,解剖部位,453,454
405,解剖部位,553,554
406,药物,172,176
406,药物,184,187
406,药物,214,217
406,药物,173,176
406,药物,338,341
407,疾病和诊断,89,91
408,药物,253,256
408,药物,264,267
408,解剖部位,64,66
408,解剖部位,119,121
408,解剖部位,129,131
408,解剖部位,151,153
408,解剖部位,160,162
408,解剖部位,19,21
409,药物,121,124
409,药物,112,115
409,解剖部位,172,174
409,解剖部位,22,24
410,药物,228,230
411,药物,171,175
411,药物,303,307
411,药物,176,180
411,药物,308,312
411,药物,181,183
411,药物,313,315
411,解剖部位,260,264
411,解剖部位,21,23
412,药物,204,207
412,药物,220,223
413,药物,58,61
413,解剖部位,287,289
413,解剖部位,291,292
414,药物,216,219
414,药物,187,191
414,药物,214,219
414,药物,202,206
414,解剖部位,43,44
415,药物,301,304
415,药物,53,59
415,药物,98,101
416,药物,68,71
416,疾病和诊断,23,28
417,解剖部位,227,228
417,解剖部位,230,231
418,药物,301,304
419,解剖部位,33,34
420,药物,417,422
420,药物,192,196
420,药物,182,186
420,药物,348,350
420,药物,363,367
420,药物,368,371
420,药物,305,308
420,药物,214,217
420,药物,423,425
420,药物,249,253
420,药物,343,347
420,药物,399,403
421,药物,61,65
421,药物,178,181
421,药物,52,56
421,药物,69,72
421,药物,186,189
421,药物,195,198
421,药物,78,80
421,药物,259,261
421,解剖部位,15,16
421,解剖部位,130,131
423,药物,243,247
423,药物,239,242
423,解剖部位,8,9
423,解剖部位,282,283
424,药物,304,307
424,药物,334,337
424,药物,294,296
424,解剖部位,369,370
424,解剖部位,372,373
424,解剖部位,37,39
424,解剖部位,58,60
424,解剖部位,116,118
424,解剖部位,158,160
424,解剖部位,166,168
424,解剖部位,176,178
424,解剖部位,224,226
424,解剖部位,8,10
424,解剖部位,13,15
425,药物,267,271
425,药物,268,271
425,药物,272,275
425,药物,290,293
425,手术,172,177
426,药物,194,197
426,药物,200,203
426,药物,336,339
426,药物,153,156
427,药物,376,380
427,药物,332,334
427,药物,370,372
427,药物,332,337
427,药物,370,375
427,解剖部位,25,26
427,解剖部位,27,28
428,解剖部位,75,76
430,药物,128,132
430,药物,129,132
430,药物,118,122
431,药物,233,237
431,药物,234,237
431,药物,243,245
431,药物,251,253
432,药物,203,206
432,药物,207,210
432,解剖部位,338,339
432,解剖部位,336,337
433,药物,34,37
433,药物,38,41
433,解剖部位,200,202
434,药物,402,406
434,解剖部位,398,399
434,解剖部位,509,510
434,解剖部位,274,275
434,解剖部位,360,361
435,药物,418,421
435,药物,409,412
435,解剖部位,214,218
435,解剖部位,264,266
436,药物,459,462
436,药物,391,394
436,疾病和诊断,533,539
436,解剖部位,497,498
436,解剖部位,117,118
436,手术,97,109
437,疾病和诊断,5,8
439,解剖部位,8,9
440,药物,189,192
440,解剖部位,211,212
440,解剖部位,126,127
441,解剖部位,10,12
443,解剖部位,81,82
443,解剖部位,94,95
443,解剖部位,296,298
444,药物,258,261
444,药物,279,281
444,药物,307,309
444,解剖部位,14,15
445,药物,13,20
445,解剖部位,210,211
445,解剖部位,149,150
445,解剖部位,236,237
445,解剖部位,242,243
446,药物,378,382
446,药物,375,377
446,药物,371,374
447,疾病和诊断,307,309
447,解剖部位,186,187
447,解剖部位,8,9
447,解剖部位,189,190
447,解剖部位,264,266
447,解剖部位,285,287
449,疾病和诊断,230,248
450,解剖部位,26,28
450,解剖部位,53,55
451,药物,263,267
451,药物,398,402
451,药物,264,267
451,药物,399,402
451,药物,276,279
451,药物,276,280
451,药物,291,294
451,药物,410,413
451,药物,507,510
451,解剖部位,311,312
451,解剖部位,434,435
451,解剖部位,314,315
451,解剖部位,437,438
452,药物,466,469
452,解剖部位,34,36
452,解剖部位,42,44
452,解剖部位,154,156
452,解剖部位,394,396
452,解剖部位,472,473
453,药物,254,258
453,药物,251,253
453,药物,280,282
453,药物,276,279
453,解剖部位,101,102
455,解剖部位,367,369
456,解剖部位,35,36
457,药物,233,236
457,药物,229,232
457,药物,229,231
458,药物,241,244
458,疾病和诊断,185,204
459,药物,200,204
459,药物,195,198
459,药物,216,219
459,药物,269,272
459,药物,201,204
459,解剖部位,80,81
459,解剖部位,76,77
459,解剖部位,94,95
460,药物,46,49
460,药物,41,45
461,解剖部位,40,41
461,解剖部位,38,39
462,药物,69,71
462,药物,65,68
462,解剖部位,196,198
463,药物,179,182
463,药物,258,261
463,药物,138,141
463,药物,201,204
463,药物,245,248
463,药物,280,283
463,解剖部位,42,44
464,解剖部位,100,101
464,解剖部位,25,26
464,解剖部位,29,30
464,解剖部位,134,135
464,解剖部位,149,150
466,药物,97,100
466,药物,244,246
468,药物,126,129
468,药物,145,148
468,解剖部位,503,505
469,药物,434,438
470,药物,326,330
470,药物,450,454
470,药物,228,230
470,药物,331,333
470,药物,455,457
470,药物,560,562
470,药物,707,709
470,药物,228,233
470,药物,331,336
470,药物,455,460
470,药物,560,565
470,药物,707,712
471,解剖部位,67,68
471,解剖部位,139,143
472,药物,210,212
472,药物,275,277
472,药物,205,209
472,药物,270,274
472,药物,164,168
472,药物,284,288
472,药物,169,172
472,药物,289,292
472,药物,313,316
472,药物,206,209
472,药物,271,274
472,药物,219,222
472,药物,224,226
472,药物,219,223
472,药物,231,234
473,解剖部位,39,40
473,手术,415,428
475,药物,314,318
475,药物,331,334
475,药物,315,318
475,解剖部位,63,65
475,解剖部位,67,68
475,解剖部位,88,90
475,解剖部位,256,262
475,解剖部位,363,364
476,药物,90,93
477,解剖部位,78,79
477,解剖部位,300,301
478,药物,554,558
478,药物,414,417
478,药物,539,543
478,药物,400,404
479,解剖部位,196,197
479,解剖部位,199,200
479,解剖部位,27,31
479,解剖部位,142,146
480,药物,102,105
480,药物,412,419
480,解剖部位,150,151
480,手术,23,29
480,解剖部位,194,196
481,药物,155,158
482,解剖部位,114,115
482,解剖部位,117,118
483,药物,237,241
483,药物,238,241
483,药物,251,254
483,解剖部位,162,163
483,解剖部位,17,18
484,药物,173,176
484,手术,93,106
484,解剖部位,155,156
484,解剖部位,128,129
485,解剖部位,90,91
486,药物,47,50
486,药物,433,437
486,药物,474,477
486,药物,468,471
486,解剖部位,331,333
486,解剖部位,3,4
487,药物,288,292
487,药物,289,292
487,药物,284,287
487,解剖部位,255,256
488,药物,438,441
488,药物,424,426
488,解剖部位,38,40
488,解剖部位,45,46
488,解剖部位,120,122
488,解剖部位,131,133
488,解剖部位,231,233
488,解剖部位,295,297
488,解剖部位,329,331
489,手术,231,241
490,药物,326,328
490,解剖部位,356,357
490,解剖部位,359,360
490,解剖部位,69,71
490,手术,19,38
490,解剖部位,97,98
490,解剖部位,80,81
490,解剖部位,91,92
491,解剖部位,184,185
491,解剖部位,429,430
491,解剖部位,433,434
492,药物,120,124
492,药物,121,124
492,药物,132,135
492,药物,132,136
492,药物,144,148
493,药物,164,168
493,药物,165,168
493,药物,169,172
493,药物,232,235
495,药物,99,103
495,解剖部位,14,16
495,解剖部位,191,192
496,药物,199,202
496,解剖部位,83,85
496,解剖部位,140,141
497,药物,47,49
497,药物,42,46
497,疾病和诊断,10,17
497,解剖部位,196,197
497,解剖部位,198,199
497,解剖部位,75,77
498,药物,492,494
498,药物,495,497
498,解剖部位,299,301
498,解剖部位,317,319
498,解剖部位,49,51
498,解剖部位,387,389
499,药物,295,299
499,药物,296,299
499,药物,307,310
499,解剖部位,84,85
499,解剖部位,86,87
500,药物,347,350
500,药物,359,362
500,解剖部位,110,111
500,解剖部位,280,281
500,解剖部位,68,70
500,解剖部位,179,181
501,药物,256,260
501,药物,308,312
501,药物,340,344
501,药物,462,466
501,药物,482,486
501,药物,467,469
501,药物,495,497
501,药物,257,260
501,药物,269,272
501,药物,303,307
501,药物,327,331
501,解剖部位,387,389
501,解剖部位,114,120
501,解剖部位,139,145
502,药物,185,189
502,药物,203,207
502,药物,215,219
502,解剖部位,16,17
502,解剖部位,145,147
503,解剖部位,17,18
503,解剖部位,206,207
503,解剖部位,203,204
504,药物,378,381
504,药物,382,385
504,药物,364,368
504,解剖部位,400,401
504,解剖部位,419,420
504,解剖部位,139,141
504,解剖部位,201,202
505,药物,122,125
505,药物,118,121
505,解剖部位,169,170
505,解剖部位,171,172
505,解剖部位,16,18
506,药物,76,79
506,药物,239,242
506,药物,546,549
506,药物,564,567
506,药物,238,242
506,解剖部位,670,671
508,药物,248,252
508,药物,247,252
508,药物,242,246
508,药物,239,246
508,解剖部位,4,6
508,解剖部位,35,37
508,解剖部位,46,48
508,解剖部位,76,78
508,解剖部位,172,174
508,解剖部位,177,179
508,解剖部位,204,206
509,药物,79,81
509,解剖部位,313,314
509,解剖部位,315,316
510,解剖部位,123,124
511,药物,377,379
511,药物,372,376
511,解剖部位,9,10
511,解剖部位,446,447
511,解剖部位,36,38
511,解剖部位,96,98
511,解剖部位,101,103
511,解剖部位,117,119
511,解剖部位,124,126
512,药物,183,186
512,药物,255,258
512,药物,141,144
512,解剖部位,245,246
513,药物,170,172
513,药物,186,191
513,药物,189,191
513,药物,203,205
513,药物,161,163
514,药物,391,393
514,药物,387,390
514,解剖部位,96,98
514,解剖部位,231,233
514,解剖部位,280,282
514,解剖部位,352,354
514,解剖部位,144,146
514,解剖部位,347,349
515,药物,377,380
515,药物,297,301
515,药物,126,132
516,药物,274,283
516,药物,274,279
516,药物,260,264
516,药物,274,277
516,药物,280,282
516,解剖部位,314,315
517,药物,207,211
517,药物,208,211
517,药物,224,230
517,解剖部位,3,4
517,解剖部位,182,183
518,解剖部位,159,161
519,药物,521,525
519,药物,526,530
519,药物,522,525
519,解剖部位,563,564
519,解剖部位,567,568
520,药物,385,388
520,药物,401,404
520,药物,421,424
520,解剖部位,52,56
521,解剖部位,84,86
521,解剖部位,7,9
521,解剖部位,156,158
521,解剖部位,315,317
521,解剖部位,488,490
523,药物,69,73
523,药物,601,604
523,药物,55,58
523,药物,605,607
523,药物,85,89
523,药物,608,612
524,解剖部位,146,147
524,解剖部位,474,475
524,解剖部位,477,478
525,药物,183,186
525,解剖部位,236,238
525,解剖部位,249,251
526,药物,191,194
526,药物,195,197
526,解剖部位,253,254
526,解剖部位,40,42
526,解剖部位,86,88
526,解剖部位,66,68
526,解剖部位,119,121
526,解剖部位,134,136
526,解剖部位,149,151
526,解剖部位,221,223
527,药物,590,594
527,药物,603,607
527,药物,602,607
527,解剖部位,184,186
527,解剖部位,207,209
527,解剖部位,243,245
527,解剖部位,374,376
527,解剖部位,399,401
527,解剖部位,406,408
527,解剖部位,439,441
527,解剖部位,110,112
528,药物,291,295
528,药物,292,295
528,药物,305,308
528,药物,305,309
528,药物,319,323
528,解剖部位,384,385
529,药物,373,377
529,药物,374,377
529,药物,378,381
529,解剖部位,448,449
529,手术,184,192
530,药物,72,75
531,药物,148,150
531,药物,92,94
531,药物,281,283
531,药物,100,103
531,药物,106,109
531,解剖部位,354,355
531,解剖部位,352,353
533,药物,242,249
533,药物,307,314
533,解剖部位,47,48
533,解剖部位,125,127
533,手术,157,168
534,解剖部位,323,325
534,解剖部位,403,405
534,解剖部位,33,34
534,解剖部位,84,85
534,解剖部位,121,122
535,药物,383,388
535,解剖部位,16,17
535,解剖部位,136,137
535,解剖部位,39,40
535,解剖部位,105,106
536,药物,140,144
536,解剖部位,10,11
536,解剖部位,237,238
536,解剖部位,183,184
537,药物,549,552
537,疾病和诊断,31,34
538,药物,395,399
538,药物,226,230
538,药物,396,399
538,药物,391,394
538,解剖部位,264,265
538,解剖部位,563,564
539,药物,266,269
539,药物,289,292
539,药物,278,280
540,药物,238,243
540,药物,330,335
540,药物,372,376
540,药物,119,124
540,药物,244,249
540,药物,336,341
541,药物,487,491
541,药物,380,389
541,药物,492,496
541,药物,397,401
541,药物,390,396
541,解剖部位,46,47
541,解剖部位,49,50
542,解剖部位,63,64
542,解剖部位,66,67
542,解剖部位,483,484
542,解剖部位,30,31
543,药物,438,445
543,药物,395,398
543,药物,438,442
543,疾病和诊断,188,198
544,解剖部位,39,40
545,药物,223,228
545,药物,410,415
545,药物,146,150
545,药物,72,75
545,药物,142,151
545,药物,142,146
545,药物,142,150
545,药物,196,200
545,药物,168,175
545,药物,428,435
545,解剖部位,295,296
545,解剖部位,393,394
545,解剖部位,396,397
545,解剖部位,55,56
546,药物,384,393
546,药物,401,405
546,药物,394,400
546,疾病和诊断,307,310
546,疾病和诊断,340,343
546,解剖部位,44,45
546,解剖部位,47,48
547,药物,144,149
547,药物,146,149
547,药物,169,172
547,药物,400,405
547,药物,167,172
547,解剖部位,470,471
547,解剖部位,487,488
548,解剖部位,449,450
548,解剖部位,451,452
548,解剖部位,411,412
548,解剖部位,469,470
549,药物,11,14
549,疾病和诊断,509,511
549,解剖部位,65,66
549,解剖部位,445,446
549,解剖部位,68,69
550,药物,345,350
550,药物,54,59
550,药物,396,401
550,解剖部位,334,335
551,药物,420,423
551,药物,424,428
551,解剖部位,46,47
551,解剖部位,49,50
552,解剖部位,48,49
553,药物,436,439
553,药物,496,499
553,药物,431,435
553,药物,513,518
553,药物,436,441
553,药物,459,463
553,药物,513,516
553,解剖部位,295,296
553,解剖部位,298,299
553,解剖部位,277,278
554,药物,344,349
554,药物,54,59
554,药物,421,426
554,解剖部位,333,334
555,药物,90,94
555,药物,477,482
555,药物,470,474
556,疾病和诊断,182,186
556,解剖部位,452,453
556,解剖部位,419,420
556,解剖部位,445,446
557,药物,114,117
557,药物,451,455
557,药物,521,524
557,药物,439,447
557,解剖部位,360,361
557,解剖部位,377,379
558,药物,120,123
558,药物,129,133
558,药物,452,456
558,药物,80,82
558,药物,464,467
558,药物,124,128
558,解剖部位,57,58
558,解剖部位,53,54
558,解剖部位,26,27
559,药物,432,436
559,药物,205,212
559,药物,205,209
559,药物,419,422
559,药物,449,453
559,药物,454,459
559,解剖部位,311,312
559,解剖部位,308,309
559,解剖部位,315,316
560,药物,72,76
560,药物,198,203
560,药物,77,82
560,药物,77,81
560,药物,198,201
560,解剖部位,323,324
560,解剖部位,320,321
560,解剖部位,310,311
561,药物,131,135
561,解剖部位,86,87
561,解剖部位,89,90
561,解剖部位,105,106
562,解剖部位,423,424
563,药物,202,206
564,解剖部位,46,47
564,解剖部位,400,401
564,解剖部位,49,50
564,解剖部位,403,404
565,药物,54,59
566,解剖部位,46,47
566,解剖部位,49,50
567,药物,241,244
567,药物,233,240
567,药物,245,252
567,药物,282,287
567,药物,236,240
567,药物,226,230
567,解剖部位,19,20
567,解剖部位,15,16
567,解剖部位,263,264
567,解剖部位,89,90
567,解剖部位,86,87
567,解剖部位,253,254
568,解剖部位,46,47
568,解剖部位,49,50
569,药物,122,124
569,药物,125,131
569,疾病和诊断,457,459
569,疾病和诊断,402,407
570,解剖部位,45,46
570,解剖部位,409,410
570,解剖部位,48,49
571,解剖部位,68,69
571,解剖部位,433,434
571,解剖部位,71,72
571,解剖部位,30,31
572,疾病和诊断,182,186
573,药物,369,373
573,药物,263,266
573,药物,250,255
573,药物,250,254
573,药物,256,260
573,药物,369,375
573,药物,261,266
573,解剖部位,89,90
573,解剖部位,92,93
574,解剖部位,48,49
575,解剖部位,18,19
575,解剖部位,94,95
576,解剖部位,391,392
576,解剖部位,388,389
576,解剖部位,374,375
576,解剖部位,377,378
577,解剖部位,45,46
577,解剖部位,48,49
578,药物,243,246
578,药物,343,346
578,药物,360,363
578,药物,358,363
578,解剖部位,66,67
578,解剖部位,115,116
578,解剖部位,432,433
578,解剖部位,69,70
578,解剖部位,111,112
578,解剖部位,426,427
578,解剖部位,355,356
578,解剖部位,38,39
579,解剖部位,63,64
579,解剖部位,410,411
579,解剖部位,66,67
579,解剖部位,406,407
579,解剖部位,30,31
579,解剖部位,403,404
580,药物,201,205
580,药物,365,370
580,解剖部位,344,345
581,解剖部位,39,40
582,疾病和诊断,181,185
582,解剖部位,420,421
582,解剖部位,413,414
583,药物,381,384
583,药物,64,68
583,药物,366,371
583,药物,385,387
583,药物,64,66
583,药物,376,380
583,药物,372,375
583,药物,361,365
584,药物,333,338
584,药物,327,330
584,药物,341,344
584,药物,345,348
584,药物,320,324
584,解剖部位,91,92
584,解剖部位,29,30
584,解剖部位,376,377
584,解剖部位,68,69
585,解剖部位,62,63
585,解剖部位,406,407
585,解剖部位,65,66
585,解剖部位,29,30
586,解剖部位,46,47
586,解剖部位,49,50
587,药物,12,15
587,解剖部位,66,67
587,解剖部位,69,70
588,解剖部位,21,22
588,解剖部位,365,366
588,解剖部位,429,430
588,手术,150,168
589,解剖部位,64,65
589,解剖部位,404,405
589,解剖部位,67,68
589,解剖部位,31,32
590,解剖部位,46,47
590,解剖部位,49,50
591,药物,372,375
591,药物,363,367
591,药物,383,387
591,药物,393,397
591,药物,351,354
591,解剖部位,28,29
593,疾病和诊断,417,419
593,解剖部位,319,320
593,解剖部位,70,71
594,解剖部位,65,66
594,解剖部位,68,69
594,解剖部位,29,30
594,解剖部位,364,365
595,药物,60,65
595,解剖部位,37,38
596,解剖部位,90,91
596,解剖部位,119,120
596,解剖部位,420,421
596,解剖部位,23,24
596,解剖部位,72,73
597,药物,111,115
597,药物,105,110
597,药物,100,104
597,解剖部位,164,165
597,解剖部位,162,163
597,解剖部位,341,342
598,解剖部位,46,47
598,解剖部位,49,50
599,解剖部位,247,248
